{
  "q": 0.7,
  "Ns": [
    3,
    9,
    27,
    81
  ],
  "Cs": [
    0.2,
    0.5,
    0.9
  ],
  "AGG": [
    [
      0.6906666666666667,
      0.7256666666666667,
      0.767
    ],
    [
      0.7856666666666666,
      0.8406666666666667,
      0.8896666666666667
    ],
    [
      0.872,
      0.9013333333333333,
      0.9716666666666667
    ],
    [
      0.881,
      0.9256666666666666,
      0.9853333333333333
    ]
  ],
  "CPL": [
    [
      0.12806861796568236,
      0.40827487237329263,
      0.573519311122528
    ],
    [
      0.05779816497853715,
      0.2519999995161599,
      0.45199291360284183
    ],
    [
      0.040454426936128725,
      0.19398387086928703,
      0.3877885961463166
    ],
    [
      0.03372992259284491,
      0.16824925787266598,
      0.3543476579660052
    ]
  ],
  "discriminator": {
    "low_C": 0.2,
    "slope_AGG": 0.058710430117431024,
    "slope_CPL": -0.027339929405400924
  },
  "status": "well-posedness+falsifiability check only; not a confirmation (Kuramoto is the source). Two generic regimes give opposite-sign d(coherence)/d(lnN) at low <C>, so the fleet measurement discriminates. Bucket 0 = 0; generative-axis prospective bet pre-registered."
}