{
  "session": 72,
  "track": "A",
  "title": "Spherically Symmetric Toy Model",
  "galaxy_params": {
    "M_disk": 50000000000.0,
    "R_disk": 3.0,
    "M_bulge": 10000000000.0,
    "R_bulge": 0.5,
    "V_flat": 220
  },
  "key_results": {
    "M_bar_total": 2009351735560.2964,
    "M_eff_total": 109766504970585.34,
    "r_s_enhancement": 54.62782002175322,
    "redshift_enhancement_10kpc": 1.2859914843525166
  },
  "radial_profiles": {
    "r_kpc": [
      0.1,
      5.115075376884422,
      10.130150753768845,
      15.145226130653267,
      20.160301507537692,
      25.175376884422114,
      30.190452261306536,
      35.20552763819096,
      40.22060301507538,
      45.2356783919598
    ],
    "C": [
      0.9999999770063116,
      0.9300702196725806,
      0.40897087764116424,
      0.08892833954534093,
      0.017070008612685462,
      0.0032243215092787876,
      0.0006090420105498901,
      0.00011603673370461724,
      2.2768866244772293e-05,
      4.899289959676371e-06
    ],
    "V_bar": [
      0.0,
      645.9591628613025,
      748.7252974027828,
      708.5833414816946,
      642.7389422147031,
      582.9872696607528,
      534.3766930733775,
      495.34711437099037,
      463.5556064195723,
      437.13385958569523
    ],
    "V_obs": [
      0.0,
      654.4326985813007,
      857.970138219751,
      1065.5122700265817,
      1318.5345848520888,
      1596.328925020764,
      1886.3957010750437,
      2182.842424399228,
      2482.836800199733,
      2784.935395831053
    ]
  },
  "conclusions": {
    "weak_field": "Modified Poisson verified",
    "strong_field": "Lensing enhanced by 1/C",
    "schwarzschild_comparison": "Reduces to GR at high density"
  }
}