{
  "session": 75,
  "track": "B",
  "title": "Void Galaxy Dynamics Prediction",
  "environment_coherence": {
    "cluster_center": {
      "rho_env": 1e-21,
      "C_formation": 0.9998634066384373,
      "G_eff_ratio": 1.000136612021858
    },
    "cluster_outskirts": {
      "rho_env": 5e-22,
      "C_formation": 0.9984579799537394,
      "G_eff_ratio": 1.0015444015444015
    },
    "field": {
      "rho_env": 1e-22,
      "C_formation": 0.8823529411764706,
      "G_eff_ratio": 1.1333333333333333
    },
    "void": {
      "rho_env": 1e-23,
      "C_formation": 0.18834462887058168,
      "G_eff_ratio": 5.309416074121953
    }
  },
  "tully_fisher_shift": {
    "C_cluster": 0.9998634066384373,
    "C_void": 0.18834462887058168,
    "v_ratio_void_to_cluster": 2.3040596440050014,
    "delta_log_v": 0.3624937172542032,
    "delta_log_M_at_fixed_v": -1.4499748690168128,
    "interpretation": "\nVoid galaxies have C_formation = 0.1883 vs cluster 0.9999.\n\nAt fixed baryonic mass:\n- Void galaxy v_max is 130.4% HIGHER than cluster galaxy\n\nAt fixed v_max:\n- Void galaxy appears 0.04x more massive in baryonic TF\n\nThis is a TESTABLE PREDICTION:\nVoid galaxies should lie ABOVE the standard baryonic Tully-Fisher relation\n(higher v at fixed M, or appearing more massive at fixed v).\n            "
  },
  "rotation_curves": {
    "r_kpc": [
      1.0,
      1.2929292929292928,
      1.5858585858585859,
      1.878787878787879,
      2.1717171717171717,
      2.4646464646464645,
      2.757575757575758,
      3.05050505050505,
      3.3434343434343434,
      3.6363636363636362,
      "..."
    ],
    "v_standard_km_s": [
      207.40646643765845,
      182.40422978784045,
      164.69865919918382,
      151.31550016359924,
      140.74100887793364,
      132.11282420122492,
      124.89888642572467,
      118.75076562590966,
      113.42946741314447,
      108.76486858376086,
      104.63213549448979,
      100.93731521168027,
      97.60816050454709,
      94.58808075211424,
      91.8320333861364,
      89.30366062445432,
      86.97324867595424,
      84.8162440388859,
      82.81215565062327,
      80.94372964450149,
      79.19632016502408,
      77.55740346932139,
      76.01619828178019,
      74.56336599098259,
      73.19077157430443,
      71.89129122838668,
      70.6586562913868,
      69.48732563346303,
      68.3723805755748,
      67.30943778230191,
      66.29457660471596,
      65.32427812322183,
      64.39537372703414,
      63.50500151574348,
      62.65056915453732,
      61.82972208364044,
      61.04031619313872,
      60.28039424036832,
      59.548165418778545,
      58.84198759234257,
      58.160351794040174,
      57.50186865513007,
      56.865256487285514,
      56.24933078482809,
      55.652994951315954,
      55.07523208522808,
      54.515097684701104,
      53.97171315221601,
      53.444259997593825,
      52.931974652274945,
      52.434143820135716,
      51.95010030044684,
      51.47921922733487,
      51.020914677538265,
      50.57463660457605,
      50.13986806284734,
      49.7161226898059,
      49.30294241832509,
      48.899895394788146,
      48.506574081391065,
      48.122593523699436,
      47.747589766717304,
      47.38121840465307,
      47.02315325124675,
      46.67308511899016,
      46.33072069685533,
      45.99578151727285,
      45.66800300409121,
      45.34713359412029,
      45.03293392563036,
      44.72517608785795,
      44.42364292617134,
      44.12812739808207,
      43.8384319757629,
      43.55436809115449,
      43.27575562011898,
      43.00242240243423,
      42.73420379472241,
      42.47094225367546,
      42.21248694718018,
      41.9586933911626,
      41.709423110164934,
      41.46454331984391,
      41.223926629736546,
      40.98745076478193,
      40.75499830421633,
      40.526456436574755,
      40.301716729638045,
      40.08067491425976,
      39.863230681093874,
      39.64928748932318,
      39.4387523865601,
      39.23153583915653,
      39.0275515722194,
      38.82671641868236,
      38.62895017683409,
      38.4341754757489,
      38.24231764810671,
      38.05330460992763,
      37.86706674678123
    ],
    "v_cluster_km_s": [
      232.8462144993246,
      208.93246586752505,
      192.88831183148886,
      181.57643385656633,
      173.40211497662784,
      167.45752341347446,
      163.18264713655427,
      160.21068922357455,
      158.29003870743256,
      157.24172610418208,
      156.93476572946358,
      157.27113485274467,
      158.1762334166059,
      159.5926039946419,
      161.47566678936417,
      163.79074215589014,
      166.51092043708638,
      169.6155044827915,
      173.08884882137875,
      176.91947984963437,
      181.09941934750842,
      185.62365800441864,
      190.48974164017028,
      195.69744350610384,
      201.24850334688983,
      207.14641896498034,
      213.39627960278824,
      220.00463302224315,
      226.979380031797,
      234.3296915960542,
      242.06594470382936,
      250.19967396288592,
      258.7435365006551,
      267.7112882268958,
      277.117769889966,
      286.97890165745486,
      297.3116851920324,
      308.134212387699,
      319.46568009012805,
      331.3264102549094,
      343.73787510505707,
      356.72272693865045,
      370.30483231239157,
      384.50931038998476,
      399.3625752978368,
      414.89238237628217,
      431.12787825399516,
      448.0996547073664,
      465.83980629653365,
      484.3819917963114,
      503.7614994635942,
      524.0153162043941,
      545.1822007228205,
      567.3027607523203,
      590.4195344862184,
      614.5770763402875,
      639.8220471952405,
      666.2033092813995,
      693.7720258823556,
      722.5817660478889,
      752.6886145205127,
      784.151287094384,
      817.0312516381346,
      851.3928550286356,
      887.3034562564991,
      924.8335659786553,
      964.0569928097057,
      1005.0509966571333,
      1047.8964494254922,
      1092.6780034265832,
      1139.4842678545504,
      1188.4079936999312,
      1239.546267496994,
      1293.000714317992,
      1348.8777104488017,
      1407.2886061998659,
      1468.3499593333765,
      1532.183779603433,
      1598.9177849416637,
      1668.685669830384,
      1741.6273864505108,
      1817.8894392043533,
      1897.6251932474458,
      1980.995197707079,
      2068.167524265601,
      2159.318121857401,
      2254.6311882418195,
      2354.29955925632,
      2458.5251165762256,
      2567.519214907344,
      2681.5031294772384,
      2800.708524852608,
      2925.3779460598803,
      3055.765333094745,
      3192.1365599269275,
      3334.7699991837367,
      3483.95711372142,
      3640.003076404072,
      3803.2274193563408,
      3973.964714251991
    ],