{
  "simulation_info": {
    "num_ticks": 50,
    "num_agents": 7,
    "num_snapshots": 11,
    "num_events": 251
  },
  "coherence_evolution": {
    "ticks": [
      5,
      10,
      15,
      20,
      25,
      30,
      35,
      40,
      45,
      50,
      50
    ],
    "network_coherence": [
      0.40418903687889957,
      0.4049978066727788,
      0.40420541645850794,
      0.4060184620897201,
      0.40655688832185954,
      0.40649851594371017,
      0.40719204735687836,
      0.40710933594234694,
      0.41014627235606904,
      0.41170352670626054,
      0.41170352670626054
    ],
    "gamma": [
      1.771153092933041,
      1.7079137302165766,
      1.6485638947108257,
      1.615520674289292,
      1.5939350532544379,
      1.5646253119070757,
      1.5658063277800918,
      1.5670597184506456,
      1.5607929568698227,
      1.5619372944143644,
      1.5619372944143644
    ],
    "entropy_ratio": [
      0.8855765464665205,
      0.8539568651082883,
      0.8242819473554128,
      0.807760337144646,
      0.7969675266272189,
      0.7823126559535378,
      0.7829031638900459,
      0.7835298592253228,
      0.7803964784349113,
      0.7809686472071822,
      0.7809686472071822
    ],
    "d_eff": [
      0.0,
      0.0,
      0.19852114070010998,
      0.3046867237559926,
      0.3046867237559926,
      0.39145686539857244,
      0.39145686539857244,
      0.5367771026047019,
      0.5367771026047019,
      0.771900045140085,
      0.771900045140085
    ],
    "avg_trust": [
      0.5145454545454545,
      0.5182142857142857,
      0.5167647058823529,
      0.5251351351351351,
      0.5276923076923078,
      0.5288095238095238,
      0.5335714285714286,
      0.5342857142857144,
      0.546904761904762,
      0.555952380952381,
      0.555952380952381
    ]
  },
  "prediction_validation": {
    "P_THOR_1": {
      "description": "Network coherence correlates with trust",
      "correlation": 0.995683369940847,
      "validated": true,
      "threshold": 0.7
    },
    "P_THOR_2": {
      "description": "\u03b3 in valid range [1,2] for S/S\u2080 = \u03b3/2",
      "gamma_range": [
        1.5607929568698227,
        1.771153092933041
      ],
      "validated": true,
      "threshold": "[1.0, 2.0]"
    },
    "P_THOR_3": {
      "description": "Coalition formation at C ~ 0.5",
      "avg_coalition_coherence": 0.4206494113935422,
      "validated": true,
      "threshold": "0.5 \u00b1 0.2"
    },
    "P_THOR_4": {
      "description": "Effective dimension d_eff < spatial dimension",
      "d_eff_range": [
        0.0,
        0.771900045140085
      ],
      "validated": true,
      "threshold": "< 2.0"
    },
    "P_THOR_5": {
      "description": "Trust cascade events (rapid \u03b3 changes)",
      "num_cascades": 0,
      "cascade_ticks": [],
      "validated": false,
      "threshold": "> 0"
    }
  },
  "summary_statistics": {
    "avg_network_coherence": 0.4073018941302992,
    "final_network_coherence": 0.41170352670626054,
    "avg_gamma": 1.610840486294594,
    "final_gamma": 1.5619372944143644,
    "avg_entropy_ratio": 0.805420243147297,
    "avg_d_eff": 0.3825602376817104,
    "num_coalitions_formed": 2
  },
  "snapshots_analyzed": [
    {
      "tick": 5,
      "network_coherence": 0.40418903687889957,
      "gamma": 1.771153092933041,
      "entropy_ratio": 0.8855765464665205,
      "d_eff": 0.0,
      "num_coalitions": 1,
      "coalition_coherences": [
        0.41457915312647076
      ]
    },
    {
      "tick": 10,
      "network_coherence": 0.4049978066727788,
      "gamma": 1.7079137302165766,
      "entropy_ratio": 0.8539568651082883,
      "d_eff": 0.0,
      "num_coalitions": 1,
      "coalition_coherences": [
        0.4211678807267326
      ]
    },
    {
      "tick": 15,
      "network_coherence": 0.40420541645850794,
      "gamma": 1.6485638947108257,
      "entropy_ratio": 0.8242819473554128,
      "d_eff": 0.19852114070010998,
      "num_coalitions": 1,
      "coalition_coherences": [
        0.4172460429268228
      ]
    },
    {
      "tick": 20,
      "network_coherence": 0.4060184620897201,
      "gamma": 1.615520674289292,
      "entropy_ratio": 0.807760337144646,
      "d_eff": 0.3046867237559926,
      "num_coalitions": 3,
      "coalition_coherences": [
        0.4172460429268228,
        0.4104970860376416,
        0.4172460429268228
      ]
    },
    {
      "tick": 25,
      "network_coherence": 0.40655688832185954,
      "gamma": 1.5939350532544379,
      "entropy_ratio": 0.7969675266272189,
      "d_eff": 0.3046867237559926,
      "num_coalitions": 2,
      "coalition_coherences": [
        0.42667391696308216,
        0.3971207622172967
      ]
    },
    {
      "tick": 30,
      "network_coherence": 0.40649851594371017,
      "gamma": 1.5646253119070757,
      "entropy_ratio": 0.7823126559535378,
      "d_eff": 0.39145686539857244,
      "num_coalitions": 2,
      "coalition_coherences": [
        0.41680451717896116,
        0.4172460429268228
      ]
    },
    {
      "tick": 35,
      "network_coherence": 0.40719204735687836,
      "gamma": 1.5658063277800918,
      "entropy_ratio": 0.7829031638900459,
      "d_eff": 0.39145686539857244,
      "num_coalitions": 2,
      "coalition_coherences": [
        0.42008773541262584,
        0.42373189051572985
      ]
    },
    {
      "tick": 40,
      "network_coherence": 0.40710933594234694,
      "gamma": 1.5670597184506456,
      "entropy_ratio": 0.7835298592253228,
      "d_eff": 0.5367771026047019,
      "num_coalitions": 2,
      "coalition_coherences": [
        0.4211678807267326,
        0.42373189051572985
      ]
    },
    {
      "tick": 45,
      "network_coherence": 0.41014627235606904,
      "gamma": 1.5607929568698227,
      "entropy_ratio": 0.7803964784349113,
      "d_eff": 0.5367771026047019,
      "num_coalitions": 2,
      "coalition_coherences": [
        0.42288161916934,
        0.42750497191804954
      ]
    },
    {
      "tick": 50,
      "network_coherence": 0.41170352670626054,
      "gamma": 1.5619372944143644,
      "entropy_ratio": 0.7809686472071822,
      "d_eff": 0.771900045140085,
      "num_coalitions": 2,
      "coalition_coherences": [
        0.4254194482941382,
        0.43360792753344163
      ]
    },
    {
      "tick": 50,
      "network_coherence": 0.41170352670626054,
      "gamma": 1.5619372944143644,
      "entropy_ratio": 0.7809686472071822,
      "d_eff": 0.771900045140085,
      "num_coalitions": 2,
      "coalition_coherences": [
        0.4254194482941382,
        0.43360792753344163
      ]
    }
  ]
}