{
  "n_galaxies": 175,
  "correlations": {
    "chi2_vs_vmax": {
      "rho": 0.4600147897969033,
      "p_value": 1.5088554856773252e-10
    },
    "chi2_vs_mass": {
      "rho": 0.4569726824899239,
      "p_value": 2.0609862136954e-10
    },
    "chi2_vs_luminosity": {
      "rho": 0.33714509628302736,
      "p_value": 5.058658337472816e-06
    },
    "chi2_vs_rlast": {
      "rho": 0.4098191434428118,
      "p_value": 1.7824183962686045e-08
    }
  },
  "summary_statistics": {
    "median_chi2_red": 7.810546675561548,
    "fraction_good_fits": 0.17714285714285713,
    "fraction_acceptable_fits": 0.4
  },
  "best_fits": [
    {
      "name": "UGC07866",
      "chi2_red": 0.05438310624203685,
      "alpha": 51.75671411655699,
      "M_DM": 499610587.2179913,
      "M_vis": 107528411.0261289,
      "M_DM_Mvis": 4.646312378749727,
      "v_max": 33.1,
      "r_last": 2.32,
      "luminosity_estimate": 106.30527504402448,
      "log_luminosity": 2.030621072070338,
      "mass_proxy": 2541.8152,
      "morphology": "dwarf_irregular",
      "distance": 4.57,
      "n_points": 7
    },
    {
      "name": "UGC06628",
      "chi2_red": 0.1666336801241861,
      "alpha": 12.890886812872141,
      "M_DM": 1561410138.0702026,
      "M_vis": 2177443816.6582694,
      "M_DM_Mvis": 0.7170840074608695,
      "v_max": 42.3,
      "r_last": 7.69,
      "luminosity_estimate": 2824.6090728732916,
      "log_luminosity": 3.451112076395096,
      "mass_proxy": 13759.640099999999,
      "morphology": "dwarf_irregular",
      "distance": 15.1,
      "n_points": 7
    },
    {
      "name": "UGC07559",
      "chi2_red": 0.2777106033529139,
      "alpha": 49.60591277788875,
      "M_DM": 534006284.40080994,
      "M_vis": 121067988.70511727,
      "M_DM_Mvis": 4.410796694586855,
      "v_max": 32.1,
      "r_last": 2.53,
      "luminosity_estimate": 100.08655364730024,
      "log_luminosity": 2.004693390357038,
      "mass_proxy": 2606.9373,
      "morphology": "dwarf_irregular",
      "distance": 4.97,
      "n_points": 7
    },
    {
      "name": "UGC07577",
      "chi2_red": 0.3086682869581994,
      "alpha": 22.670361693952362,
      "M_DM": 67576063.7591131,
      "M_vis": 36354939.88348626,
      "M_DM_Mvis": 1.8587862880721915,
      "v_max": 17.8,
      "r_last": 1.69,
      "luminosity_estimate": 43.15519434438325,
      "log_luminosity": 1.644981800606879,
      "mass_proxy": 535.4596,
      "morphology": "dwarf_irregular",
      "distance": 2.59,
      "n_points": 9
    },
    {
      "name": "UGC07089",
      "chi2_red": 0.37805611686807966,
      "alpha": 65.21740492188334,
      "M_DM": 11900403508.360113,
      "M_vis": 2450696258.125281,
      "M_DM_Mvis": 4.855927562995348,
      "v_max": 79.1,
      "r_last": 9.16,
      "luminosity_estimate": 3279.964522990571,
      "log_luminosity": 3.51600153439314,
      "mass_proxy": 57312.37959999999,
      "morphology": "dwarf_irregular",
      "distance": 18.0,
      "n_points": 12
    },
    {
      "name": "F583-4",
      "chi2_red": 0.41548060712313434,
      "alpha": 56.2030779825715,
      "M_DM": 7233965214.320109,
      "M_vis": 929754221.5970865,
      "M_DM_Mvis": 7.7805134370822815,
      "v_max": 69.9,
      "r_last": 7.29,
      "luminosity_estimate": 1809.304256630806,
      "log_luminosity": 3.257751572588042,
      "mass_proxy": 35619.01290000001,
      "morphology": "intermediate",
      "distance": 53.3,
      "n_points": 12
    },
    {
      "name": "UGC02023",
      "chi2_red": 0.4400486744428308,
      "alpha": 78.5655453010515,
      "M_DM": 1999589963.0963504,
      "M_vis": 645211224.2926993,
      "M_DM_Mvis": 3.099124577828545,
      "v_max": 58.8,
      "r_last": 3.78,
      "luminosity_estimate": 857.3893487003411,
      "log_luminosity": 2.9336843200606832,
      "mass_proxy": 13069.123199999998,
      "morphology": "dwarf_irregular",
      "distance": 10.4,
      "n_points": 5
    },
    {
      "name": "F561-1",
      "chi2_red": 0.4951275698520333,
      "alpha": 23.315390521489544,
      "M_DM": 3934185244.411437,
      "M_vis": 2754580751.177626,
      "M_DM_Mvis": 1.4282337675994838,
      "v_max": 50.4,
      "r_last": 9.66,
      "luminosity_estimate": 3393.5534078143473,
      "log_luminosity": 3.530782645986281,
      "mass_proxy": 24537.9456,
      "morphology": "intermediate",
      "distance": 66.4,
      "n_points": 6
    },
    {
      "name": "F574-2",
      "chi2_red": 0.5064747934470069,
      "alpha": 9.725829028716996,
      "M_DM": 1455682802.112058,
      "M_vis": 2190324748.4803095,
      "M_DM_Mvis": 0.6645967923806912,
      "v_max": 40.0,
      "r_last": 10.83,
      "luminosity_estimate": 2269.15838888821,
      "log_luminosity": 3.356056158964242,
      "mass_proxy": 17328.0,
      "morphology": "dwarf",
      "distance": 89.1,
      "n_points": 5
    },
    {
      "name": "UGC05005",
      "chi2_red": 0.5508332649863286,
      "alpha": 38.87182194319218,
      "M_DM": 76192546894.42166,
      "M_vis": 8308862195.466432,
      "M_DM_Mvis": 9.170033766596182,
      "v_max": 100.0,
      "r_last": 28.61,
      "luminosity_estimate": 4676.092523687995,
      "log_luminosity": 3.6699759613409797,
      "mass_proxy": 286100.0,
      "morphology": "small_spiral",
      "distance": 53.7,
      "n_points": 11
    }
  ],
  "worst_fits": [
    {
      "name": "UGC05764",
      "chi2_red": 1529.6344019448052,
      "alpha": 99.99999215890347,
      "M_DM": 809378544.316793,
      "M_vis": 254499440.88810655,
      "M_DM_Mvis": 3.1802763160986474,
      "v_max": 55.8,
      "r_last": 3.62,
      "luminosity_estimate": 79.65484611232017,
      "log_luminosity": 1.9066304669092318,
      "mass_proxy": 11271.3768,
      "morphology": "dwarf_irregular",
      "distance": 7.47,
      "n_points": 10
    },
    {
      "name": "UGC00634",
      "chi2_red": 536.3486257038516,
      "alpha": 99.99999215890347,
      "M_DM": 34494441204.7843,
      "M_vis": 5557471148.0311985,
      "M_DM_Mvis": 6.206859250543186,
      "v_max": 108.0,
      "r_last": 18.01,
      "luminosity_estimate": 1629.141671398101,
      "log_luminosity": 3.2122253494547435,
      "mass_proxy": 210068.64,
      "morphology": "small_spiral",
      "distance": 30.9,
      "n_points": 4
    },
    {
      "name": "UGC02487",
      "chi2_red": 376.97079766801835,
      "alpha": 99.99999215890347,
      "M_DM": 1869418635686.4653,
      "M_vis": 223929044421.239,
      "M_DM_Mvis": 8.34826335510927,
      "v_max": 383.0,
      "r_last": 80.38,
      "luminosity_estimate": 258675.92618677823,
      "log_luminosity": 5.412757691659446,
      "mass_proxy": 11790861.819999998,
      "morphology": "spiral",
      "distance": 69.1,
      "n_points": 17
    },
    {
      "name": "NGC5985",
      "chi2_red": 347.3203895169193,
      "alpha": 99.99999215890347,
      "M_DM": 404059114286.4746,
      "M_vis": 108786747575.52686,
      "M_DM_Mvis": 3.7142310372497387,
      "v_max": 305.0,
      "r_last": 34.72,
      "luminosity_estimate": 179742.6119965529,
      "log_luminosity": 5.254653464707521,
      "mass_proxy": 3229828.0,
      "morphology": "massive_spiral",
      "distance": 39.7,
      "n_points": 33
    },
    {
      "name": "UGC00128",
      "chi2_red": 235.9206417606761,
      "alpha": 53.377061864960794,
      "M_DM": 360959263256.683,
      "M_vis": 20181065994.061554,
      "M_DM_Mvis": 17.886035522746827,
      "v_max": 134.0,
      "r_last": 53.75,
      "luminosity_estimate": 12183.795842774205,
      "log_luminosity": 4.085818256943034,
      "mass_proxy": 965135.0,
      "morphology": "small_spiral",
      "distance": 64.5,
      "n_points": 22
    },
    {
      "name": "UGC06667",
      "chi2_red": 207.0914558668728,
      "alpha": 99.99999215890347,
      "M_DM": 1229096584.6449108,
      "M_vis": 1077291207.9319665,
      "M_DM_Mvis": 1.140913966061562,
      "v_max": 85.7,
      "r_last": 7.85,
      "luminosity_estimate": 870.1527710015077,
      "log_luminosity": 2.940094322384284,